date,open,high,low,close,volume,returns,log_returns,range_pct,ticker,cap_tier,source
2024-03-05,1.85,1.98,1.7,1.725,19589917,,,0.16231884057971016,WULF,small,stooq
2024-03-06,1.77,1.92,1.71,1.87,14672412,0.08405797101449286,0.08071138038317227,0.11229946524064169,WULF,small,stooq
2024-03-07,1.83,1.89,1.75,1.84,12194968,-0.016042780748663166,-0.016172859245601072,0.07608695652173908,WULF,small,stooq
2024-03-08,1.87,2.12,1.85,2.01,21635219,0.09239130434782594,0.08836915045009,0.13432835820895525,WULF,small,stooq
2024-03-11,2.07,2.0899,1.8,1.82,18460181,-0.0945273631840795,-0.09929822098228029,0.1592857142857143,WULF,small,stooq
2024-03-12,1.82,1.82,1.69,1.76,13004566,-0.03296703296703296,-0.03352269203864356,0.07386363636363642,WULF,small,stooq
2024-03-13,1.75,1.84,1.7,1.74,13966954,-0.011363636363636354,-0.011428695823622744,0.0804597701149426,WULF,small,stooq
2024-03-14,1.71,1.73,1.61,1.67,13796834,-0.04022988505747127,-0.041061486797773925,0.07185628742514963,WULF,small,stooq
2024-03-15,1.66,1.83,1.625,1.78,13308221,0.06586826347305386,0.06378973787533,0.11516853932584273,WULF,small,stooq
2024-03-18,1.76,1.83,1.7,1.73,12790822,-0.028089887640449507,-0.028491955794306273,0.0751445086705203,WULF,small,stooq
2024-03-19,1.68,1.79,1.57,1.72,12618903,-0.005780346820809301,-0.005797117684325958,0.12790697674418602,WULF,small,stooq
2024-03-20,1.71,2.33,1.7,2.33,40493587,0.35465116279069764,0.3035439767522475,0.2703862660944206,WULF,small,stooq
2024-03-21,2.31,2.52,2.2333,2.38,36066084,0.02145922746781115,0.021232220105774118,0.12046218487394966,WULF,small,stooq
2024-03-22,2.32,2.6,2.24,2.46,30423942,0.03361344537815136,0.03306086226088821,0.1463414634146341,WULF,small,stooq
2024-03-25,2.57,2.84,2.52,2.57,31544622,0.04471544715447151,0.04374454896285696,0.12451361867704275,WULF,small,stooq
2024-03-26,2.58,2.61,2.42,2.46,19319898,-0.04280155642023342,-0.04374454896285695,0.07723577235772355,WULF,small,stooq
2024-03-27,2.58,2.74,2.4335,2.7,23636900,0.09756097560975618,0.09309042306601203,0.11351851851851859,WULF,small,stooq
2024-03-28,2.76,2.93,2.59,2.63,33324326,-0.02592592592592602,-0.026267926820610302,0.1292775665399241,WULF,small,stooq
2024-04-01,2.61,2.61,2.36,2.43,15547753,-0.07604562737642573,-0.07909258883721595,0.10288065843621398,WULF,small,stooq
2024-04-02,2.28,2.4,2.21,2.33,11135565,-0.04115226337448563,-0.042022989774847926,0.08154506437768237,WULF,small,stooq
2024-04-03,2.34,2.4,2.24,2.33,11308329,0.0,0.0,0.06866952789699558,WULF,small,stooq
2024-04-04,2.41,2.62,2.35,2.37,19204932,0.017167381974249052,0.017021687569430743,0.11392405063291139,WULF,small,stooq
2024-04-05,2.3,2.43,2.27,2.35,9509885,-0.008438818565400852,-0.008474626990972232,0.06808510638297878,WULF,small,stooq
2024-04-08,2.49,2.59,2.2,2.23,31322754,-0.051063829787234116,-0.05241374268404028,0.17488789237668148,WULF,small,stooq
2024-04-09,2.26,2.35,2.17,2.22,13533335,-0.004484304932735328,-0.004494389587839215,0.08108108108108114,WULF,small,stooq
2024-04-10,2.16,2.28,2.08,2.18,10854558,-0.018018018018018056,-0.018182319083190474,0.09174311926605491,WULF,small,stooq
2024-04-11,2.2,2.2261,2.05,2.14,14273481,-0.01834862385321101,-0.018519047767237527,0.08228971962616839,WULF,small,stooq
2024-04-12,2.13,2.15,2.0,2.04,9991300,-0.04672897196261683,-0.0478560211776351,0.07352941176470584,WULF,small,stooq
2024-04-15,2.02,2.11,1.92,1.94,11103709,-0.0490196078431373,-0.05026183478088831,0.09793814432989688,WULF,small,stooq
2024-04-16,1.88,1.9275,1.82,1.875,12131065,-0.03350515463917525,-0.03407931365286262,0.0573333333333333,WULF,small,stooq
2024-04-17,1.9,2.07,1.88,1.96,10859674,0.045333333333333226,0.04433581382005162,0.09693877551020405,WULF,small,stooq
2024-04-18,2.0,2.22,1.955,2.13,12059393,0.08673469387755106,0.08317750647890793,0.12441314553990616,WULF,small,stooq
2024-04-19,2.2,2.31,2.1103,2.29,14326907,0.07511737089201875,0.0724298378448145,0.08720524017467249,WULF,small,stooq
2024-04-22,2.368,2.61,2.27,2.58,24349909,0.1266375545851528,0.11923758136737775,0.13178294573643404,WULF,small,stooq
2024-04-23,2.48,2.79,2.42,2.71,21342891,0.050387596899224674,0.04915923595808335,0.13653136531365317,WULF,small,stooq
2024-04-24,2.7,2.75,2.52,2.52,16800714,-0.07011070110701101,-0.07268973336827753,0.09126984126984126,WULF,small,stooq
2024-04-25,2.39,2.51,2.32,2.49,12824107,-0.011904761904761862,-0.01197619104671565,0.07630522088353411,WULF,small,stooq
2024-04-26,2.47,2.51,2.37,2.47,8824081,-0.008032128514056214,-0.008064559836730408,0.05668016194331971,WULF,small,stooq
2024-04-29,2.37,2.5,2.28,2.33,17222473,-0.05668016194331993,-0.058349883062276724,0.09442060085836917,WULF,small,stooq
2024-04-30,2.24,2.29,2.16,2.17,11821277,-0.06866952789699576,-0.07114110002524107,0.059907834101382444,WULF,small,stooq
2024-05-01,2.13,2.275,2.03,2.12,16276322,-0.02304147465437778,-0.023311078868446997,0.1155660377358491,WULF,small,stooq
2024-05-02,2.27,2.27,2.09,2.17,8759427,0.023584905660377187,0.02331107886844693,0.08294930875576044,WULF,small,stooq
2024-05-03,2.26,2.31,2.16,2.185,10921987,0.00691244239631339,0.006888660995185316,0.06864988558352399,WULF,small,stooq
2024-05-06,2.26,2.48,2.2504,2.42,15043799,0.10755148741418763,0.10215171162104154,0.09487603305785125,WULF,small,stooq
2024-05-07,2.38,2.42,2.3,2.33,9280488,-0.037190082644628086,-0.03789927259098582,0.05150214592274682,WULF,small,stooq
2024-05-08,2.25,2.335,2.15,2.33,9377207,0.0,0.0,0.07939914163090131,WULF,small,stooq
2024-05-09,2.3,2.3959,2.26,2.36,6846143,0.012875536480686511,0.012793351459909322,0.05758474576271202,WULF,small,stooq
2024-05-10,2.41,2.49,2.22,2.23,11309932,-0.05508474576271183,-0.05666003356549127,0.1210762331838565,WULF,small,stooq
2024-05-13,2.28,2.4,2.22,2.24,11792215,0.004484304932735439,0.004474280394921107,0.08035714285714272,WULF,small,stooq
2024-05-14,1.98,2.08,1.91,2.035,15253418,-0.0915178571428572,-0.09598004697239024,0.0835380835380836,WULF,small,stooq
2024-05-15,2.14,2.195,2.0,2.12,14445216,0.041769041769041726,0.04092026978936273,0.09198113207547162,WULF,small,stooq
2024-05-16,2.09,2.17,2.02,2.02,11973375,-0.047169811320754707,-0.04831857727080768,0.07425742574257421,WULF,small,stooq
2024-05-17,2.05,2.1,1.95,1.95,12213163,-0.034653465346534684,-0.03526813883745799,0.076923076923077,WULF,small,stooq
2024-05-20,1.96,2.155,1.912,2.135,16151122,0.09487179487179476,0.09063727410493233,0.1138173302107728,WULF,small,stooq
2024-05-21,2.19,2.24,2.02,2.04,14698763,-0.04449648711943788,-0.04551683882446279,0.10784313725490205,WULF,small,stooq
2024-05-22,2.05,2.29,2.04,2.16,19950916,0.05882352941176472,0.05715841383994862,0.11574074074074073,WULF,small,stooq
2024-05-23,2.18,2.19,1.97,1.99,12261362,-0.07870370370370372,-0.08197358295967262,0.11055276381909547,WULF,small,stooq
2024-05-24,2.0,2.1,1.96,2.07,8708830,0.04020100502512558,0.03941396854087663,0.06763285024154596,WULF,small,stooq
2024-05-28,2.08,2.16,2.02,2.07,13115401,0.0,0.0,0.06763285024154596,WULF,small,stooq
2024-05-29,2.03,2.25,1.98,2.24,17696715,0.08212560386473444,0.07892725858967091,0.12053571428571429,WULF,small,stooq
2024-05-30,2.25,2.37,2.24,2.28,19909515,0.01785714285714257,0.017699577099400638,0.05701754385964908,WULF,small,stooq
2024-05-31,2.31,2.345,2.13,2.18,20567046,-0.04385964912280682,-0.04485056616535155,0.0986238532110093,WULF,small,stooq
2024-06-03,2.25,2.3,2.04,2.05,12803227,-0.05963302752293598,-0.06148508365068104,0.12682926829268285,WULF,small,stooq
2024-06-04,2.15,2.555,2.15,2.51,43196588,0.224390243902439,0.2024429599933757,0.16135458167330688,WULF,small,stooq
2024-06-05,2.57,2.79,2.5,2.79,33413964,0.11155378486055789,0.10575884268958186,0.10394265232974911,WULF,small,stooq
2024-06-06,2.74,3.34,2.73,3.21,53507572,0.15053763440860202,0.1402293413086501,0.19003115264797504,WULF,small,stooq
2024-06-07,3.22,3.35,2.97,3.09,32594727,-0.03738317757009346,-0.038099846232270404,0.12297734627831712,WULF,small,stooq
2024-06-10,2.91,3.23,2.87,3.09,20101811,0.0,0.0,0.116504854368932,WULF,small,stooq
2024-06-11,2.93,3.48,2.78,3.475,29772343,0.12459546925566345,0.11742338810710137,0.20143884892086336,WULF,small,stooq
2024-06-12,3.83,4.2,3.75,3.84,39501731,0.10503597122302155,0.09987788758288,0.11718750000000006,WULF,small,stooq
2024-06-13,3.85,4.19,3.76,4.07,37238613,0.05989583333333348,0.05817063285486827,0.10565110565110579,WULF,small,stooq
2024-06-14,4.08,4.19,3.77,3.92,22641230,-0.03685503685503699,-0.03755134565213259,0.10714285714285723,WULF,small,stooq
2024-06-17,3.88,4.46,3.78,4.39,24597889,0.1198979591836733,0.11323757328470865,0.15489749430523922,WULF,small,stooq
2024-06-18,4.33,4.52,4.1,4.51,25960992,0.02733485193621865,0.02696792642750697,0.09312638580931262,WULF,small,stooq
2024-06-20,4.62,4.82,4.47,4.63,28174061,0.026607538802660757,0.026259714583555728,0.07559395248380141,WULF,small,stooq
2024-06-21,4.355,4.42,4.08,4.155,32292662,-0.10259179265658736,-0.10824443979073106,0.08182912154031284,WULF,small,stooq
2024-06-24,3.83,4.36,3.79,4.22,23793292,0.015643802647412608,0.015522699740508778,0.13507109004739343,WULF,small,stooq
2024-06-25,4.32,5.1,4.315,4.8,32350698,0.13744075829383884,0.12878078986592478,0.16354166666666653,WULF,small,stooq
2024-06-26,4.879,5.1897,4.57,4.59,30137467,-0.043749999999999956,-0.044735893841391414,0.13501089324618734,WULF,small,stooq
2024-06-27,4.74,4.84,4.31,4.41,21943554,-0.039215686274509776,-0.04000533461369913,0.12018140589569166,WULF,small,stooq
2024-06-28,4.54,4.56,4.32,4.45,35084916,0.009070294784580435,0.009029406719394157,0.05393258426966277,WULF,small,stooq
2024-07-01,4.6,5.22,4.52,5.21,18761065,0.17078651685393242,0.15767575958712657,0.13435700575815743,WULF,small,stooq
2024-07-02,5.21,5.34,4.99,5.05,19674969,-0.030710172744721764,-0.03119161247800717,0.06930693069306924,WULF,small,stooq
2024-07-03,4.985,5.37,4.92,5.21,14284126,0.03168316831683171,0.03119161247800712,0.08637236084452979,WULF,small,stooq
2024-07-05,4.91,5.71,4.74,5.58,25198865,0.07101727447216888,0.06860892062794399,0.17383512544802862,WULF,small,stooq
2024-07-08,5.76,6.01,5.43,5.47,28180121,-0.01971326164874554,-0.01991015995932975,0.10603290676416821,WULF,small,stooq
2024-07-09,5.8184,6.05,4.9609,5.03,30266859,-0.08043875685557578,-0.0838586323222419,0.21652087475149107,WULF,small,stooq
2024-07-10,5.125,5.24,4.75,4.88,18758953,-0.02982107355864816,-0.03027476424659208,0.10040983606557381,WULF,small,stooq
2024-07-11,5.12,5.27,4.57,4.75,28462348,-0.026639344262295084,-0.02700060181850597,0.14736842105263143,WULF,small,stooq
2024-07-12,4.73,5.455,4.66,5.31,21230421,0.11789473684210527,0.11144721720729764,0.1497175141242938,WULF,small,stooq
2024-07-15,5.72,6.04,5.535,6.0,28083401,0.12994350282485878,0.12216763397420756,0.08416666666666665,WULF,small,stooq
2024-07-16,6.04,6.39,5.91,6.38,24539514,0.06333333333333324,0.06140862812864342,0.07523510971786827,WULF,small,stooq
2024-07-17,6.19,6.505,5.765,5.9,22187986,-0.07523510971786829,-0.07821574644502469,0.12542372881355934,WULF,small,stooq
2024-07-18,5.96,6.01,5.3,5.35,13346830,-0.09322033898305093,-0.09785579000375869,0.13271028037383178,WULF,small,stooq
2024-07-19,5.45,5.805,5.32,5.59,14724075,0.04485981308411224,0.0438827262590927,0.08676207513416806,WULF,small,stooq
2024-07-22,5.64,5.82,5.33,5.72,12648227,0.023255813953488413,0.02298951822469878,0.0856643356643357,WULF,small,stooq
2024-07-23,5.615,5.87,5.49,5.52,8972524,-0.034965034965035,-0.03559094510270263,0.06884057971014491,WULF,small,stooq
2024-07-24,5.52,5.73,5.08,5.09,17718048,-0.07789855072463758,-0.08110002972657246,0.12770137524557965,WULF,small,stooq
2024-07-25,4.86,4.97,4.46,4.53,22921541,-0.11001964636542227,-0.11655589106748858,0.11258278145695359,WULF,small,stooq
2024-07-26,4.79,4.88,4.34,4.42,17191013,-0.02428256070640189,-0.024582243405336022,0.12217194570135748,WULF,small,stooq
2024-07-29,4.53,4.58,4.06,4.14,19322077,-0.06334841628959287,-0.06544390825238386,0.12560386473429963,WULF,small,stooq
2024-07-30,4.15,4.19,3.84,3.85,14014761,-0.07004830917874383,-0.07262263953753001,0.09090909090909105,WULF,small,stooq
2024-07-31,4.15,4.3997,4.11,4.16,19470447,0.08051948051948044,0.07744192597347899,0.06963942307692304,WULF,small,stooq
2024-08-01,4.24,4.39,4.04,4.11,19401731,-0.012019230769230727,-0.012092045765028633,0.08515815085158142,WULF,small,stooq
2024-08-02,3.95,4.09,3.64,3.67,18534487,-0.1070559610705597,-0.11323136644166444,0.12261580381471382,WULF,small,stooq
2024-08-05,2.84,3.66,2.74,3.58,25220254,-0.024523160762942697,-0.024828861653869883,0.25698324022346364,WULF,small,stooq
2024-08-06,3.852,3.86,3.47,3.62,14536971,0.011173184357541999,0.011111225425070849,0.10773480662983416,WULF,small,stooq
2024-08-07,3.76,3.83,3.315,3.34,14978306,-0.07734806629834257,-0.08050321884907066,0.15419161676646712,WULF,small,stooq
2024-08-08,3.41,3.88,3.41,3.88,17587211,0.16167664670658688,0.14986434664657308,0.12113402061855665,WULF,small,stooq
2024-08-09,3.89,3.95,3.74,3.79,13520212,-0.02319587628865971,-0.02346913454084701,0.05540897097625329,WULF,small,stooq
2024-08-12,3.7,3.73,3.51,3.57,15707628,-0.05804749340369397,-0.059800423302787314,0.061624649859944036,WULF,small,stooq
2024-08-13,3.65,3.72,3.29,3.31,19792739,-0.07282913165266103,-0.07561740640257614,0.12990936555891244,WULF,small,stooq
2024-08-14,3.32,3.49,3.3,3.35,23864431,0.012084592145015227,0.012012156448003653,0.056716417910447875,WULF,small,stooq
2024-08-15,3.58,3.965,3.45,3.6,47494681,0.07462686567164178,0.07197349962508924,0.14305555555555546,WULF,small,stooq
2024-08-16,3.56,4.11,3.52,4.03,28196646,0.11944444444444446,0.11283253049652732,0.1464019851116626,WULF,small,stooq
2024-08-19,4.08,4.47,4.0,4.35,23361458,0.07940446650124056,0.07640946914200099,0.10804597701149421,WULF,small,stooq
2024-08-20,4.41,4.855,4.395,4.74,30172277,0.08965517241379328,0.08586129060639257,0.09704641350210988,WULF,small,stooq
2024-08-21,4.78,4.92,4.44,4.8,22308320,0.012658227848101111,0.012578782206859965,0.09999999999999991,WULF,small,stooq
2024-08-22,4.83,4.98,4.63,4.81,17930642,0.002083333333333215,0.0020811662038244493,0.07276507276507288,WULF,small,stooq
2024-08-23,4.89,4.94,4.54,4.93,21024505,0.02494802494802495,0.02464190393692893,0.08113590263691692,WULF,small,stooq
2024-08-26,4.94,4.94,4.59,4.78,12494367,-0.030425963488843744,-0.03089844155123406,0.07322175732217584,WULF,small,stooq
2024-08-27,4.67,4.74,4.29,4.51,14901596,-0.05648535564853563,-0.058143392988777694,0.09977827050997787,WULF,small,stooq
2024-08-28,4.41,4.61,4.1,4.18,14550748,-0.07317073170731714,-0.07598590697792211,0.1220095693779906,WULF,small,stooq
2024-08-29,4.27,4.44,4.09,4.2,13996426,0.004784688995215447,0.004773278752657812,0.08333333333333345,WULF,small,stooq
2024-08-30,4.29,4.38,4.1501,4.36,11138025,0.03809523809523818,0.03738753207162041,0.05272935779816508,WULF,small,stooq
2024-09-03,4.26,4.26,3.79,3.82,14604501,-0.12385321100917446,-0.1322216347424593,0.12303664921465962,WULF,small,stooq
2024-09-04,3.78,4.01,3.59,3.91,15264002,0.023560209424083878,0.023286951378790693,0.1074168797953964,WULF,small,stooq
2024-09-05,4.11,4.3,3.99,4.21,18765371,0.07672634271099743,0.07392527369701564,0.07363420427553435,WULF,small,stooq
2024-09-06,4.23,4.35,3.66,3.725,20716554,-0.11520190023752963,-0.12239579586276714,0.18523489932885892,WULF,small,stooq
2024-09-09,3.95,4.03,3.78,3.99,19097883,0.07114093959731549,0.0687243790702493,0.06265664160401013,WULF,small,stooq
2024-09-10,4.01,4.24,3.86,4.24,10585786,0.06265664160400997,0.06077203834209425,0.08962264150943404,WULF,small,stooq
2024-09-11,4.11,4.54,3.99,4.42,15488792,0.04245283018867907,0.04157642684574019,0.12443438914027145,WULF,small,stooq
2024-09-12,4.44,4.58,4.3,4.31,13789465,-0.02488687782805432,-0.025201791973950362,0.06496519721577733,WULF,small,stooq
2024-09-13,4.32,4.43,4.155,4.24,21821033,-0.016241299303944134,-0.01637463487178984,0.06485849056603761,WULF,small,stooq
2024-09-16,4.02,4.1,3.77,3.94,15778607,-0.07075471698113212,-0.07338254593402399,0.08375634517766488,WULF,small,stooq
2024-09-17,4.05,4.395,4.04,4.065,16381853,0.03172588832487322,0.031233019689931585,0.08733087330873296,WULF,small,stooq
2024-09-18,4.0,4.3897,3.99,4.06,16978582,-0.0012300123001232066,-0.001230769386132846,0.09844827586206902,WULF,small,stooq
2024-09-19,4.34,4.8,4.281,4.46,28677253,0.09852216748768483,0.09396579241833151,0.11636771300448434,WULF,small,stooq
2024-09-20,4.47,4.67,4.36,4.5,28316076,0.008968609865470878,0.008928630744301398,0.0688888888888888,WULF,small,stooq
2024-09-23,4.72,5.0099,4.66,4.89,25384484,0.08666666666666667,0.08311490671050659,0.07155419222903883,WULF,small,stooq
2024-09-24,4.87,5.4,4.555,5.37,31988558,0.09815950920245409,0.09363560503399275,0.15735567970204853,WULF,small,stooq
2024-09-25,5.31,5.425,5.08,5.14,19824020,-0.04283054003724407,-0.043774829053699706,0.06712062256809334,WULF,small,stooq
2024-09-26,5.32,5.39,4.931,5.07,20843883,-0.013618677042801397,-0.013712261863981782,0.09053254437869815,WULF,small,stooq
2024-09-27,5.18,5.19,4.821,4.94,17438086,-0.02564102564102566,-0.025975486403260677,0.07469635627530377,WULF,small,stooq
2024-09-30,4.77,4.81,4.57,4.68,18435041,-0.052631578947368585,-0.05406722127027594,0.05128205128205114,WULF,small,stooq
2024-10-01,4.68,4.695,4.25,4.33,16441477,-0.07478632478632474,-0.07773056791515684,0.10277136258660514,WULF,small,stooq
2024-10-02,4.24,4.52,4.18,4.36,12721854,0.006928406466512715,0.006904515346544486,0.07798165137614675,WULF,small,stooq
2024-10-03,4.3,4.72,4.3,4.71,13479642,0.08027522935779818,0.07721585066738344,0.08917197452229297,WULF,small,stooq
2024-10-04,4.85,4.86,4.355,4.4,27288541,-0.06581740976645423,-0.06808336710411077,0.11477272727272723,WULF,small,stooq
2024-10-07,4.35,4.43,3.9,4.03,31975022,-0.0840909090909091,-0.08783816496562388,0.13151364764267984,WULF,small,stooq
2024-10-08,4.0,4.15,3.88,3.91,13959313,-0.02977667493796532,-0.03022900196131727,0.06905370843989782,WULF,small,stooq
2024-10-09,3.88,3.92,3.76,3.82,15026086,-0.023017902813299296,-0.023286951378790652,0.04188481675392674,WULF,small,stooq
2024-10-10,4.01,4.07,3.8,3.93,19327266,0.028795811518324665,0.02838900326268611,0.06870229007633599,WULF,small,stooq
2024-10-11,3.95,4.319,3.94,4.21,19384086,0.07124681933842236,0.06882322181312016,0.09002375296912114,WULF,small,stooq
2024-10-14,4.3201,4.565,4.22,4.49,17866775,0.0665083135391924,0.06439005405987287,0.07683741648106918,WULF,small,stooq
2024-10-15,4.45,4.7,4.295,4.61,15434188,0.026726057906458767,0.026375155254394194,0.08785249457700656,WULF,small,stooq
2024-10-16,4.68,5.23,4.61,5.2,24485546,0.12798264642082424,0.12043076857882447,0.11923076923076925,WULF,small,stooq
2024-10-17,5.05,5.35,4.9711,5.07,19117241,-0.025000000000000022,-0.025317807984289897,0.07473372781065084,WULF,small,stooq
2024-10-18,5.12,5.29,4.98,5.24,20021410,0.0335305719921104,0.03298068072985895,0.059160305343511375,WULF,small,stooq
2024-10-21,5.22,6.23,5.06,6.21,58975359,0.18511450381679384,0.16983939761243655,0.18840579710144942,WULF,small,stooq
2024-10-22,6.13,6.55,5.96,6.53,26070095,0.05152979066022545,0.0502460473429523,0.09035222052067379,WULF,small,stooq
2024-10-23,6.34,6.578,5.99,6.4,23597411,-0.019908116385911168,-0.02010895292271351,0.09187500000000001,WULF,small,stooq
2024-10-24,6.28,6.54,5.84,6.21,91942931,-0.02968750000000009,-0.030137094420238868,0.11272141706924318,WULF,small,stooq
2024-10-25,6.235,6.7,6.125,6.38,40360421,0.027375201288244666,0.027007201411311018,0.0901253918495298,WULF,small,stooq
2024-10-28,6.73,7.28,6.69,6.85,40475425,0.07366771159874608,0.07108055491743541,0.08613138686131386,WULF,small,stooq
2024-10-29,7.07,7.14,6.4101,6.69,28696859,-0.023357664233576547,-0.023634778133996743,0.10910313901345288,WULF,small,stooq
2024-10-30,6.57,7.15,6.49,6.89,20709110,0.029895366218235964,0.029457210885429918,0.09579100145137884,WULF,small,stooq
2024-10-31,6.67,6.76,6.21,6.52,23443747,-0.053701015965166965,-0.05519670908700568,0.08435582822085888,WULF,small,stooq
2024-11-01,6.67,6.92,6.1,6.217,21453700,-0.04647239263803682,-0.04758690065136112,0.13189641306096192,WULF,small,stooq
2024-11-04,6.08,6.17,5.89,5.98,17127022,-0.03812128036030227,-0.03886690732465997,0.046822742474916426,WULF,small,stooq
2024-11-05,6.11,6.49,6.0318,6.21,20077494,0.038461538461538325,0.0377403279828469,0.0737842190016104,WULF,small,stooq
2024-11-06,7.06,7.675,6.8,7.67,48372051,0.23510466988727852,0.21115571943377737,0.11408083441981748,WULF,small,stooq
2024-11-07,7.6,8.33,7.36,8.21,31774516,0.07040417209908756,0.06803630808517222,0.11814859926918388,WULF,small,stooq
2024-11-08,8.18,8.4,7.82,8.25,26344683,0.004872107186357999,0.004860276882252663,0.07030303030303031,WULF,small,stooq
2024-11-11,8.73,9.115,8.32,8.82,38343404,0.06909090909090909,0.06680866967211031,0.0901360544217687,WULF,small,stooq
2024-11-12,8.44,8.68,8.12,8.53,32684254,-0.03287981859410438,-0.03343250851511226,0.06565064478311847,WULF,small,stooq
2024-11-13,8.75,9.3,7.32,7.345,42084645,-0.1389214536928487,-0.14956955187774704,0.26957113682777406,WULF,small,stooq
2024-11-14,7.475,7.54,6.89,6.945,23966384,-0.05445881552076237,-0.05599783341953348,0.09359251259899212,WULF,small,stooq
2024-11-15,7.1,7.25,6.735,7.18,24264257,0.03383729301655869,0.03327740685382574,0.0717270194986072,WULF,small,stooq
2024-11-18,7.11,7.61,6.82,7.04,20135754,-0.01949860724233976,-0.01969121289018171,0.1122159090909091,WULF,small,stooq
2024-11-19,7.0,7.55,6.83,7.38,19273434,0.048295454545454586,0.047165468442430136,0.09756097560975606,WULF,small,stooq
2024-11-20,7.63,7.8599,7.02,7.2,24229833,-0.024390243902438935,-0.02469261259037141,0.11665277777777779,WULF,small,stooq
2024-11-21,7.45,7.5575,6.54,6.99,28215909,-0.029166666666666674,-0.029600469776290744,0.1455650929899857,WULF,small,stooq
2024-11-22,6.86,7.54,6.6,7.45,25855281,0.06580829756795414,0.06373347614574919,0.12617449664429536,WULF,small,stooq
2024-11-25,7.63,7.64,6.86,6.99,29742201,-0.06174496644295302,-0.06373347614574926,0.11158798283261794,WULF,small,stooq
2024-11-26,6.93,7.1,6.44,6.57,26507404,-0.06008583690987124,-0.06196672374919974,0.1004566210045661,WULF,small,stooq
2024-11-27,6.82,7.37,6.705,7.29,22596506,0.1095890410958904,0.10398971352404764,0.09122085048010975,WULF,small,stooq
2024-11-29,7.35,8.05,7.3335,7.89,18343880,0.08230452674897104,0.07909258883721595,0.09081115335868198,WULF,small,stooq
2024-12-02,7.89,8.19,7.3,7.32,21557246,-0.07224334600760451,-0.07498580688456263,0.12158469945355187,WULF,small,stooq
2024-12-03,7.11,7.39,7.01,7.27,13218866,-0.006830601092896238,-0.0068540364277922565,0.05226960110041264,WULF,small,stooq
2024-12-04,7.36,8.15,7.13,8.12,23470192,0.11691884456671242,0.11057386262815849,0.1256157635467981,WULF,small,stooq
2024-12-05,8.22,8.44,7.68,7.71,27329533,-0.05049261083743839,-0.05181196659834843,0.09857328145265885,WULF,small,stooq
2024-12-06,7.92,8.98,7.9,8.12,32675981,0.05317769130998684,0.05181196659834828,0.13300492610837442,WULF,small,stooq
2024-12-09,8.05,8.06,7.19,7.29,26129041,-0.10221674876847286,-0.10782660815301975,0.11934156378600824,WULF,small,stooq
2024-12-10,7.29,7.36,6.72,6.72,20643670,-0.07818930041152272,-0.0814153914855087,0.09523809523809533,WULF,small,stooq
2024-12-11,6.97,7.28,6.7264,7.21,22615437,0.07291666666666674,0.0703807967617996,0.0767822468793343,WULF,small,stooq
2024-12-12,7.43,7.99,7.16,7.53,27734703,0.04438280166435504,0.04342609051494448,0.1102257636122178,WULF,small,stooq
2024-12-13,7.42,7.67,6.965,7.04,18379230,-0.06507304116865875,-0.06728687164185124,0.10014204545454547,WULF,small,stooq
2024-12-16,7.17,8.375,7.17,8.24,35624023,0.17045454545454541,0.15739217375142928,0.14623786407766992,WULF,small,stooq
2024-12-17,8.35,8.51,7.76,8.2,20016006,-0.004854368932038944,-0.004866189651173011,0.09146341463414635,WULF,small,stooq
2024-12-18,8.09,8.14,6.8401,6.975,26543344,-0.14939024390243905,-0.16180182656277814,0.1863655913978496,WULF,small,stooq
2024-12-19,7.3,7.355,6.41,6.49,23184151,-0.06953405017921144,-0.07206979699143067,0.14560862865947616,WULF,small,stooq
2024-12-20,6.37,6.72,6.3,6.61,25913002,0.018489984591679498,0.018321123147596284,0.06354009077155823,WULF,small,stooq
2024-12-23,6.515,6.58,5.54,5.81,41985917,-0.12102874432677768,-0.12900308299977514,0.1790017211703959,WULF,small,stooq
2024-12-24,6.0,6.36,5.95,6.23,17488813,0.07228915662650626,0.06979576193554213,0.06581059390048156,WULF,small,stooq
2024-12-26,6.07,6.2,5.85,6.08,18273103,-0.024077046548956704,-0.02437163682128618,0.0575657894736843,WULF,small,stooq
2024-12-27,6.09,6.11,5.43,5.53,30237020,-0.09046052631578949,-0.09481688044383223,0.12296564195298383,WULF,small,stooq
2024-12-30,5.41,5.5,5.085,5.32,21651893,-0.03797468354430378,-0.03871451218069039,0.07800751879699248,WULF,small,stooq
2024-12-31,5.51,5.8198,5.3,5.66,33524567,0.06390977443609014,0.061950588861538466,0.0918374558303887,WULF,small,stooq
2025-01-02,5.83,6.01,5.305,5.46,39964116,-0.035335689045936425,-0.035975102458277924,0.12912087912087913,WULF,small,stooq
2025-01-03,5.57,6.29,5.495,6.22,33235266,0.13919413919413914,0.13032111699427434,0.12781350482315113,WULF,small,stooq
2025-01-06,6.49,6.58,6.245,6.5,36981296,0.045016077170418,0.044032270150503344,0.05153846153846153,WULF,small,stooq
2025-01-07,6.51,6.65,5.77,6.13,31171893,-0.056923076923076965,-0.05860742695347144,0.14355628058727582,WULF,small,stooq
2025-01-08,5.912,6.0488,5.47,5.51,35173411,-0.10114192495921703,-0.10663012678329699,0.10504537205081674,WULF,small,stooq
2025-01-10,5.34,5.47,5.14,5.4,25720624,-0.019963702359346525,-0.020165669594594298,0.06111111111111112,WULF,small,stooq
2025-01-13,5.15,5.275,4.965,5.2,30080528,-0.03703703703703709,-0.037740327982847086,0.05961538461538471,WULF,small,stooq
2025-01-14,5.6,5.8399,5.43,5.57,34855833,0.07115384615384612,0.06873642835181096,0.07359066427289054,WULF,small,stooq
2025-01-15,5.93,6.3285,5.92,6.18,43511310,0.10951526032315972,0.10392321753040669,0.06610032362459549,WULF,small,stooq
2025-01-16,6.11,6.1999,5.82,5.85,33625363,-0.05339805825242716,-0.05487661022583425,0.06494017094017096,WULF,small,stooq
2025-01-17,6.22,6.66,6.05,6.4,58295784,0.09401709401709413,0.08985632912186114,0.09531250000000005,WULF,small,stooq
2025-01-21,6.45,6.54,5.89,5.96,42245573,-0.06875000000000009,-0.07122750928836788,0.10906040268456382,WULF,small,stooq
2025-01-22,5.955,6.35,5.61,6.23,43279146,0.04530201342281881,0.0443058517221034,0.11878009630818608,WULF,small,stooq
2025-01-23,6.04,6.75,6.04,6.18,42018339,-0.008025682182985716,-0.008058061329762535,0.11488673139158576,WULF,small,stooq
2025-01-24,6.5,6.98,6.27,6.315,56754383,0.02184466019417486,0.021609484332855127,0.11243072050673014,WULF,small,stooq
2025-01-27,5.49,5.52,4.13,4.43,98407961,-0.2984956452889945,-0.35452817174541024,0.3137697516930022,WULF,small,stooq
2025-01-28,4.74,4.79,4.19,4.64,72168531,0.04740406320541757,0.04631478218111959,0.12931034482758613,WULF,small,stooq
2025-01-29,4.6,4.84,4.45,4.73,73270296,0.019396551724138122,0.01921083626567789,0.08245243128964051,WULF,small,stooq
2025-01-30,4.83,5.18,4.78,5.01,57371038,0.059196617336152,0.057510712592931626,0.07984031936127735,WULF,small,stooq
2025-01-31,5.1,5.25,4.72,4.77,70121241,-0.04790419161676651,-0.04908961019652363,0.11111111111111117,WULF,small,stooq
2025-02-03,4.292,5.07,4.28,5.01,53822525,0.05031446540880502,0.049089610196523574,0.15768463073852296,WULF,small,stooq
2025-02-04,5.0,5.195,4.88,5.18,32643212,0.03393213572854292,0.03336914117461827,0.06081081081081089,WULF,small,stooq
2025-02-05,5.2,5.29,5.0,5.07,32288350,-0.021235521235521082,-0.02146423866829974,0.05719921104536489,WULF,small,stooq
2025-02-06,5.15,5.37,5.01,5.15,42223846,0.015779092702169706,0.015655897072553063,0.06990291262135928,WULF,small,stooq
2025-02-07,5.36,5.6,4.98,5.03,38174104,-0.023300970873786464,-0.023576730563996996,0.12326043737574537,WULF,small,stooq
2025-02-10,5.08,5.31,4.98,5.13,30574823,0.01988071570576544,0.01968567507103036,0.0643274853801168,WULF,small,stooq
2025-02-11,5.07,5.17,4.745,4.76,31307805,-0.0721247563352827,-0.07485799093934958,0.08928571428571425,WULF,small,stooq
2025-02-12,4.695,5.12,4.64,4.85,37356663,0.018907563025210017,0.018731036706063128,0.09896907216494855,WULF,small,stooq
2025-02-13,4.855,4.89,4.59,4.89,34876744,0.008247422680412342,0.0082135985373888,0.06134969325153371,WULF,small,stooq
2025-02-14,4.9,5.01,4.73,4.87,28232273,-0.004089979550102152,-0.0040983663922821365,0.057494866529773994,WULF,small,stooq
2025-02-18,4.84,4.9,4.65,4.71,21415156,-0.03285420944558526,-0.033406029066172085,0.05307855626326964,WULF,small,stooq
2025-02-19,4.76,4.97,4.68,4.72,23926952,0.002123142250530785,0.0021208915691376296,0.061440677966101705,WULF,small,stooq
2025-02-20,4.77,4.79,4.47,4.5,32218063,-0.04661016949152541,-0.04773140282118992,0.07111111111111118,WULF,small,stooq
2025-02-21,4.6,4.69,4.08,4.08,47537179,-0.09333333333333327,-0.09798040836020366,0.1495098039215687,WULF,small,stooq
2025-02-24,4.1,4.19,3.79,3.95,59324672,-0.031862745098039214,-0.03238140950303983,0.10126582278481021,WULF,small,stooq
2025-02-25,3.815,3.88,3.54,3.68,51767220,-0.06835443037974687,-0.07080282673219097,0.09239130434782604,WULF,small,stooq
2025-02-26,3.7,3.93,3.58,3.72,67335319,0.010869565217391353,0.010810916104215676,0.09408602150537636,WULF,small,stooq
2025-02-27,3.9599,4.02,3.6,3.61,85099835,-0.029569892473118364,-0.030015895940265724,0.116343490304709,WULF,small,stooq
2025-02-28,3.52,4.25,3.52,4.19,127522825,0.16066481994459858,0.148992961589257,0.17422434367541764,WULF,small,stooq
2025-03-03,4.31,4.57,3.63,3.67,54916850,-0.12410501193317436,-0.1325090718675676,0.2561307901907358,WULF,small,stooq
2025-03-04,3.48,3.67,3.16,3.48,35550118,-0.05177111716621252,-0.053159368280095924,0.14655172413793097,WULF,small,stooq
2025-03-05,3.52,3.72,3.38,3.71,19160547,0.06609195402298851,0.06399958283296081,0.0916442048517521,WULF,small,stooq
2025-03-06,3.53,3.59,3.275,3.36,31526516,-0.09433962264150941,-0.09909090264423089,0.09374999999999999,WULF,small,stooq
2025-03-07,3.35,3.66,3.2601,3.6,24491128,0.0714285714285714,0.06899287148695142,0.11108333333333337,WULF,small,stooq
2025-03-10,3.4,3.42,2.9,3.07,35017992,-0.14722222222222225,-0.15925628386295856,0.1693811074918567,WULF,small,stooq
2025-03-11,3.01,3.24,2.91,3.165,31501318,0.030944625407166138,0.030475493997033736,0.10426540284360192,WULF,small,stooq
2025-03-12,3.28,3.3,2.93,3.23,43020876,0.020537124802527673,0.02032908163842569,0.11455108359133116,WULF,small,stooq
2025-03-13,3.235,3.2393,2.95,2.99,35281052,-0.07430340557275539,-0.07720874983197008,0.09675585284280933,WULF,small,stooq
2025-03-14,3.1,3.305,2.975,3.26,46188963,0.09030100334448155,0.08645380797602116,0.1012269938650307,WULF,small,stooq
2025-03-17,3.23,3.36,3.0,3.26,32752105,0.0,0.0,0.11042944785276071,WULF,small,stooq
2025-03-18,3.2,3.21,2.94,2.96,31847979,-0.09202453987730053,-0.09653792704264717,0.09121621621621623,WULF,small,stooq
2025-03-19,3.01,3.38,3.0,3.3,39843643,0.11486486486486491,0.10873320013646559,0.11515151515151513,WULF,small,stooq
2025-03-20,3.23,3.33,3.15,3.21,33287144,-0.027272727272727226,-0.02765153133051001,0.056074766355140235,WULF,small,stooq
2025-03-21,3.09,3.21,3.04,3.2,30430062,-0.0031152647975076775,-0.0031201273362435225,0.05312499999999998,WULF,small,stooq
2025-03-24,3.345,3.52,3.32,3.47,40791781,0.08437500000000009,0.08100378415308704,0.05763688760806921,WULF,small,stooq
2025-03-25,3.46,3.4666,3.23,3.28,26419756,-0.05475504322766578,-0.056311171562715534,0.07213414634146346,WULF,small,stooq
2025-03-26,3.19,3.25,2.89,2.91,34011072,-0.11280487804878037,-0.11969034121265108,0.12371134020618552,WULF,small,stooq
2025-03-27,2.84,3.03,2.8,2.93,25219761,0.0068728522336769515,0.006849341845574768,0.07849829351535835,WULF,small,stooq
2025-03-28,2.89,2.89,2.71,2.72,31552324,-0.07167235494880542,-0.07437054272106994,0.06617647058823535,WULF,small,stooq
2025-03-31,2.585,2.7678,2.52,2.73,36253086,0.003676470588235281,0.0036697288889624017,0.0907692307692307,WULF,small,stooq
2025-04-01,2.71,2.91,2.64,2.88,32640290,0.05494505494505497,0.05348868495098622,0.09375000000000001,WULF,small,stooq
2025-04-02,2.75,2.99,2.75,2.98,32801903,0.03472222222222232,0.03413300636945862,0.08053691275167793,WULF,small,stooq
2025-04-03,2.66,2.7595,2.62,2.65,20982928,-0.11073825503355705,-0.11736366051918225,0.05264150943396225,WULF,small,stooq
2025-04-04,2.57,2.65,2.26,2.6,39418959,-0.01886792452830177,-0.019048194970694363,0.15000000000000005,WULF,small,stooq
2025-04-07,2.29,2.93,2.26,2.67,57216553,0.026923076923076827,0.026567027384721706,0.25093632958801515,WULF,small,stooq
2025-04-08,2.83,2.83,2.21,2.26,37118681,-0.15355805243445697,-0.1667136591279637,0.2743362831858408,WULF,small,stooq
2025-04-09,2.28,2.64,2.06,2.58,55388926,0.14159292035398252,0.13242458564933174,0.2248062015503876,WULF,small,stooq
2025-04-10,2.45,2.45,2.18,2.24,28725489,-0.131782945736434,-0.14131353306657746,0.12053571428571429,WULF,small,stooq
2025-04-11,2.25,2.42,2.19,2.38,24701738,0.06249999999999978,0.06062462181643463,0.09663865546218488,WULF,small,stooq
2025-04-14,2.48,2.54,2.32,2.47,27425795,0.037815126050420256,0.03711766295650259,0.08906882591093125,WULF,small,stooq
2025-04-15,2.49,2.51,2.21,2.29,28941625,-0.07287449392712553,-0.07566633307373757,0.131004366812227,WULF,small,stooq
2025-04-16,2.22,2.36,2.19,2.3,17504468,0.004366812227074135,0.004357305368955626,0.07391304347826085,WULF,small,stooq
2025-04-17,2.3,2.37,2.225,2.35,14231240,0.021739130434782705,0.021506205220963682,0.061702127659574474,WULF,small,stooq
2025-04-21,2.355,2.4752,2.24,2.25,30856695,-0.042553191489361764,-0.04348511193973889,0.10453333333333327,WULF,small,stooq
2025-04-22,2.32,2.718,2.31,2.65,59636987,0.1777777777777778,0.16362942378180212,0.15396226415094338,WULF,small,stooq
2025-04-23,2.82,2.92,2.65,2.79,49387261,0.05283018867924527,0.05148195583514341,0.09677419354838711,WULF,small,stooq
2025-04-24,2.77,3.0699,2.73,3.04,42168454,0.08960573476702516,0.08581591958485613,0.11180921052631582,WULF,small,stooq
2025-04-25,3.1,3.13,2.97,3.0,38651371,-0.013157894736842146,-0.01324522675002068,0.05333333333333323,WULF,small,stooq
2025-04-28,3.025,3.19,2.86,3.02,48727061,0.006666666666666599,0.006644542718668511,0.10927152317880796,WULF,small,stooq
2025-04-29,3.0,3.07,2.89,2.92,30198687,-0.03311258278145701,-0.03367321510658795,0.06164383561643826,WULF,small,stooq
2025-04-30,2.81,2.84,2.67,2.78,25390835,-0.047945205479452135,-0.049132688577644766,0.06115107913669063,WULF,small,stooq
2025-05-01,2.93,3.29,2.91,3.24,48986130,0.16546762589928066,0.1531224021016924,0.11728395061728392,WULF,small,stooq
2025-05-02,3.29,3.35,3.18,3.21,33153205,-0.0092592592592593,-0.009302392662313561,0.05295950155763238,WULF,small,stooq
2025-05-05,3.08,3.09,2.89,2.99,27188083,-0.06853582554517124,-0.07099754973932933,0.06688963210702331,WULF,small,stooq
2025-05-06,2.89,3.14,2.89,3.12,29234098,0.04347826086956519,0.0425596144187959,0.08012820512820512,WULF,small,stooq
2025-05-07,3.095,3.13,2.98,3.05,27044440,-0.022435897435897578,-0.02269141120207088,0.04918032786885243,WULF,small,stooq
2025-05-08,3.2,3.41,3.12,3.3,38144179,0.08196721311475419,0.07878087785311438,0.08787878787878789,WULF,small,stooq
2025-05-09,3.01,3.4,2.89,3.01,40710959,-0.08787878787878789,-0.09198238971165021,0.1694352159468438,WULF,small,stooq
2025-05-12,3.15,3.64,3.09,3.48,43459154,0.15614617940199338,0.14509221502559863,0.15804597701149434,WULF,small,stooq
2025-05-13,3.705,3.84,3.62,3.83,36592815,0.10057471264367823,0.09583250940617172,0.057441253263707505,WULF,small,stooq
2025-05-14,3.8,3.815,3.55,3.66,32605392,-0.044386422976501305,-0.04540165577927974,0.07240437158469948,WULF,small,stooq
2025-05-15,3.58,3.6087,3.31,3.52,30305218,-0.03825136612021862,-0.039002157803269204,0.08485795454545447,WULF,small,stooq
2025-05-16,3.53,3.93,3.53,3.89,41555292,0.10511363636363646,0.0999481680203493,0.10282776349614405,WULF,small,stooq
2025-05-19,3.685,4.0299,3.6,4.0,49708226,0.028277634961439535,0.027885203489535642,0.10747499999999988,WULF,small,stooq
2025-05-20,3.95,4.03,3.78,3.92,45921201,-0.020000000000000018,-0.020202707317519466,0.06377551020408175,WULF,small,stooq
2025-05-21,3.845,4.2,3.73,3.91,72459308,-0.0025510204081632404,-0.0025542798050967423,0.1202046035805627,WULF,small,stooq
2025-05-22,4.1,4.18,3.9,4.09,64148989,0.04603580562659837,0.045007596057435886,0.06845965770171145,WULF,small,stooq
2025-05-23,3.89,4.06,3.82,3.93,42889989,-0.03911980440097795,-0.03990554417354047,0.06106870229007628,WULF,small,stooq
2025-05-27,4.05,4.09,3.82,3.94,40080367,0.0025445292620864812,0.002541297428672548,0.0685279187817259,WULF,small,stooq
2025-05-28,3.96,3.96,3.7,3.79,34330484,-0.03807106598984766,-0.038814704215507416,0.0686015831134564,WULF,small,stooq
2025-05-29,3.84,3.85,3.61,3.64,32201102,-0.0395778364116095,-0.040382337445685694,0.06593406593406599,WULF,small,stooq
2025-05-30,3.541,3.65,3.45,3.53,34920273,-0.030219780219780334,-0.030685810703444012,0.05665722379603392,WULF,small,stooq
2025-06-02,3.48,3.66,3.48,3.61,32900683,0.022662889518413554,0.02240990139958411,0.04986149584487539,WULF,small,stooq
2025-06-03,3.66,3.8,3.565,3.78,43445710,0.047091412742382266,0.046016237286706764,0.06216931216931214,WULF,small,stooq
2025-06-04,3.735,4.34,3.6701,4.24,58361794,0.12169312169312185,0.11483925961237021,0.15799528301886784,WULF,small,stooq
2025-06-05,4.31,4.32,3.79,3.83,80390646,-0.09669811320754718,-0.10169846605131178,0.13838120104438648,WULF,small,stooq
2025-06-06,3.96,4.52,3.9,4.35,47228344,0.13577023498694496,0.1273110419080379,0.14252873563218385,WULF,small,stooq
2025-06-09,4.53,4.65,4.33,4.53,53119549,0.04137931034482767,0.04054609439435001,0.07064017660044156,WULF,small,stooq
2025-06-10,4.575,4.63,4.4,4.52,35109958,-0.002207505518763919,-0.0022099456508029554,0.050884955752212295,WULF,small,stooq
2025-06-11,4.54,4.5699,4.3,4.41,45890120,-0.02433628318584058,-0.024637304385385063,0.06120181405895687,WULF,small,stooq
2025-06-12,4.36,4.47,4.24,4.26,29969518,-0.03401360544217691,-0.03460552917747561,0.05399061032863839,WULF,small,stooq
2025-06-13,4.13,4.27,3.97,4.02,41394173,-0.05633802816901412,-0.0579872576503494,0.07462686567164165,WULF,small,stooq
2025-06-16,4.14,4.4,4.06,4.33,36858306,0.07711442786069655,0.07428563938346883,0.0785219399538108,WULF,small,stooq
2025-06-17,4.189,4.23,3.875,3.95,41651821,-0.08775981524249421,-0.09185196310136796,0.08987341772151909,WULF,small,stooq
2025-06-18,3.93,4.045,3.82,3.84,37880153,-0.027848101265822822,-0.02824321231339505,0.05859375000000003,WULF,small,stooq
2025-06-20,3.97,4.01,3.7,3.74,47698461,-0.02604166666666663,-0.026386755173194887,0.08288770053475925,WULF,small,stooq
2025-06-23,3.61,3.665,3.395,3.57,41500687,-0.045454545454545525,-0.04652001563489293,0.07563025210084034,WULF,small,stooq
2025-06-24,3.66,3.94,3.63,3.84,43686199,0.07563025210084029,0.07290677080808773,0.08072916666666669,WULF,small,stooq
2025-06-25,3.93,4.14,3.79,3.8,48368376,-0.01041666666666663,-0.010471299867295366,0.09210526315789465,WULF,small,stooq
2025-06-26,3.77,4.53,3.7,4.39,87547213,0.15526315789473677,0.14432816035473983,0.18906605922551256,WULF,small,stooq
2025-06-27,4.39,4.41,4.13,4.22,55550402,-0.038724373576309756,-0.03949409903915951,0.066350710900474,WULF,small,stooq
2025-06-30,4.29,4.6,4.23,4.38,52733383,0.03791469194312791,0.03721359634043427,0.08447488584474869,WULF,small,stooq
2025-07-01,4.27,4.68,4.24,4.44,72066374,0.013698630136986356,0.013605652055778678,0.09909909909909898,WULF,small,stooq
2025-07-02,4.53,5.07,4.53,5.04,90051294,0.1351351351351351,0.1267517056391438,0.10714285714285715,WULF,small,stooq
2025-07-03,5.1,5.47,5.01,5.26,53225733,0.043650793650793496,0.042724944666341094,0.08745247148288973,WULF,small,stooq
2025-07-07,4.99,5.03,4.52,4.8,62650951,-0.0874524714828897,-0.09151510883577321,0.10625000000000015,WULF,small,stooq
2025-07-08,4.95,5.18,4.79,4.82,30670932,0.004166666666666874,0.004158010148663898,0.08091286307053935,WULF,small,stooq
2025-07-09,4.965,4.995,4.73,4.93,44003045,0.022821576763485396,0.022565059992089725,0.05375253549695734,WULF,small,stooq
2025-07-10,4.93,5.16,4.87,5.13,64018370,0.04056795131845847,0.03976667112807948,0.05653021442495128,WULF,small,stooq
2025-07-11,5.23,5.34,4.82,4.89,69314449,-0.04678362573099415,-0.047913355695897504,0.1063394683026584,WULF,small,stooq
2025-07-14,4.93,5.23,4.905,5.11,88409357,0.04498977505112478,0.044007100728832446,0.063600782778865,WULF,small,stooq
2025-07-15,5.04,5.05,4.815,4.87,41575857,-0.046966731898238745,-0.04810546712111464,0.04825462012320317,WULF,small,stooq
2025-07-16,4.99,5.37,4.98,5.25,48748770,0.07802874743326482,0.0751341395090339,0.07428571428571422,WULF,small,stooq
2025-07-17,5.23,5.44,5.14,5.36,43088589,0.020952380952381056,0.020735898479178342,0.05597014925373147,WULF,small,stooq
2025-07-18,5.43,5.63,5.0,5.13,46881152,-0.042910447761194126,-0.04385831590003256,0.12280701754385963,WULF,small,stooq
2025-07-21,5.18,5.48,4.97,4.99,32811782,-0.02729044834307981,-0.027669749419250753,0.1022044088176354,WULF,small,stooq
2025-07-22,5.09,5.27,4.835,5.26,69573490,0.054108216432865675,0.05269511698619114,0.08269961977186305,WULF,small,stooq
2025-07-23,5.2401,5.26,4.97,5.2,59704160,-0.011406844106463754,-0.011472401162236696,0.05576923076923077,WULF,small,stooq
2025-07-24,5.205,5.45,5.17,5.32,48041008,0.023076923076922995,0.022814677766171264,0.05263157894736847,WULF,small,stooq
2025-07-25,5.27,5.27,5.0,5.17,30149188,-0.02819548872180455,-0.028600614833215295,0.05222437137330746,WULF,small,stooq
2025-07-28,5.29,5.3799,5.03,5.1,25493347,-0.013539651837524258,-0.013632148790057757,0.06860784313725489,WULF,small,stooq
2025-07-29,5.165,5.44,5.0801,5.22,35281253,0.0235294117647058,0.023256862164267183,0.06894636015325681,WULF,small,stooq
2025-07-30,5.255,5.465,4.89,5.01,30732399,-0.04022988505747127,-0.041061486797773925,0.11477045908183636,WULF,small,stooq
2025-07-31,5.07,5.38,5.025,5.16,40444478,0.029940119760479167,0.029500664396698056,0.06879844961240301,WULF,small,stooq
2025-08-01,4.96,4.96,4.64,4.76,31024409,-0.07751937984496127,-0.08068891125014276,0.06722689075630259,WULF,small,stooq
2025-08-04,4.83,4.92,4.72,4.89,20787451,0.027310924369747802,0.026944635243451927,0.04089979550102253,WULF,small,stooq
2025-08-05,4.93,5.06,4.78,5.06,32413039,0.03476482617586907,0.03417417981259347,0.055335968379446515,WULF,small,stooq
2025-08-06,5.05,5.2,5.02,5.15,31283102,0.017786561264822254,0.01763023137627072,0.034951456310679724,WULF,small,stooq
2025-08-07,5.17,5.28,4.77,4.94,35252910,-0.04077669902912617,-0.0416313834758136,0.10323886639676126,WULF,small,stooq
2025-08-08,5.18,5.21,4.67,5.03,42214851,0.018218623481781382,0.018054652911816706,0.1073558648111332,WULF,small,stooq
2025-08-11,5.03,5.77,5.02,5.4,52992623,0.07355864811133195,0.0709789694585808,0.13888888888888887,WULF,small,stooq
2025-08-12,5.45,5.51,5.18,5.24,24933233,-0.029629629629629672,-0.03007745523727795,0.06297709923664123,WULF,small,stooq
2025-08-13,5.48,5.69,5.26,5.46,38876096,0.041984732824427384,0.04112729142386279,0.07875457875457886,WULF,small,stooq
2025-08-14,7.2,8.76,6.74,8.71,289277452,0.5952380952380953,0.4670230011075978,0.23191733639494827,WULF,small,stooq
2025-08-15,8.53,9.23,8.141,8.97,108160043,0.02985074626865658,0.02941388520629319,0.12140468227424753,WULF,small,stooq
2025-08-18,10.01,10.7099,9.3,9.38,161975800,0.04570791527313278,0.04469408694742867,0.15030916844349665,WULF,small,stooq
2025-08-19,9.145,9.36,8.68,8.78,105256730,-0.06396588486140742,-0.06610335537110819,0.07744874715261957,WULF,small,stooq
2025-08-20,8.83,9.3,8.6,9.28,66973665,0.056947608200455635,0.055385139151083965,0.07543103448275874,WULF,small,stooq
2025-08-21,9.3,9.44,8.845,9.19,54342039,-0.00969827586206895,-0.009745610430513509,0.06474428726877028,WULF,small,stooq
2025-08-22,9.27,10.25,9.11,9.16,72453171,-0.0032644178454841466,-0.0032697576815567068,0.12445414847161577,WULF,small,stooq
2025-08-25,8.99,9.1,8.71,8.93,39878723,-0.025109170305676942,-0.02542978379763131,0.04367301231802898,WULF,small,stooq
2025-08-26,8.84,9.37,8.7994,9.24,36027100,0.034714445688689866,0.03412549076518517,0.06175324675324663,WULF,small,stooq
2025-08-27,9.26,9.4,9.03,9.13,29942098,-0.011904761904761862,-0.01197619104671565,0.04052573932092015,WULF,small,stooq
2025-08-28,9.28,9.64,9.14,9.44,41332648,0.033953997809419434,0.03339028555053216,0.05296610169491526,WULF,small,stooq
2025-08-29,9.46,9.775,9.1,9.45,35705428,0.0010593220338983578,0.0010587613482421182,0.07142857142857151,WULF,small,stooq
2025-09-02,9.2,9.82,8.97,9.63,42554805,0.019047619047619202,0.018868484304382954,0.08826583592938729,WULF,small,stooq
2025-09-03,9.68,9.75,8.92,8.98,35246668,-0.06749740394600212,-0.069883343495926,0.09242761692650335,WULF,small,stooq
2025-09-04,9.0,9.0,8.6,8.87,28234213,-0.012249443207127064,-0.012325085992620229,0.04509582863585123,WULF,small,stooq
2025-09-05,9.08,9.1901,8.7,9.13,26967521,0.029312288613303483,0.028890898285389186,0.0536801752464403,WULF,small,stooq
2025-09-08,9.12,9.52,8.935,9.2,31990963,0.007667031763417098,0.00763778944811732,0.06358695652173904,WULF,small,stooq
2025-09-09,9.58,10.32,9.13,10.3,69371879,0.11956521739130443,0.11294041118059554,0.11553398058252422,WULF,small,stooq
2025-09-10,10.54,11.04,10.24,10.55,62191929,0.024271844660194164,0.023981964686485405,0.07582938388625582,WULF,small,stooq
2025-09-11,10.45,11.23,10.18,10.64,45284475,0.008530805687203769,0.0084946239914228,0.09868421052631585,WULF,small,stooq
2025-09-12,10.675,11.08,10.48,10.76,28100140,0.011278195488721776,0.011215070820140003,0.05576208178438659,WULF,small,stooq
2025-09-15,10.84,10.935,10.0431,10.49,36073124,-0.025092936802973975,-0.025413132325432547,0.08502383222116298,WULF,small,stooq
2025-09-16,10.54,11.0,10.25,10.94,37077343,0.04289799809342232,0.042003374585629354,0.06855575868372944,WULF,small,stooq
2025-09-17,10.79,11.53,10.565,11.35,39866502,0.03747714808043878,0.03679194693357656,0.08502202643171805,WULF,small,stooq
2025-09-18,11.605,11.63,10.9602,11.17,33612275,-0.01585903083700435,-0.015986130846302286,0.05996418979409135,WULF,small,stooq
2025-09-19,11.22,11.44,10.9,10.98,54584426,-0.017009847806624845,-0.017156176999724725,0.04918032786885238,WULF,small,stooq
2025-09-22,10.98,11.77,10.72,11.49,45648540,0.04644808743169393,0.04540165577927968,0.09138381201044377,WULF,small,stooq
2025-09-23,11.55,11.79,11.01,11.24,31845116,-0.02175805047867707,-0.02199824739511926,0.06939501779359425,WULF,small,stooq
2025-09-24,11.37,11.715,11.04,11.4,37364681,0.014234875444839812,0.014134510934904716,0.05921052631578953,WULF,small,stooq
2025-09-25,11.105,11.78,10.43,10.97,50279767,-0.03771929824561404,-0.038449081113310905,0.12306289881494982,WULF,small,stooq
2025-09-26,11.035,11.13,10.55,10.83,23318203,-0.012762078395624488,-0.012844213274239692,0.05355493998153279,WULF,small,stooq
2025-09-29,11.06,11.79,10.94,11.6,30376693,0.07109879963065557,0.06868503709941971,0.07327586206896548,WULF,small,stooq
2025-09-30,11.69,12.06,11.39,11.42,28701440,-0.01551724137931032,-0.015638893884454778,0.05866900175131348,WULF,small,stooq
2025-10-01,11.53,11.93,11.25,11.47,22983631,0.004378283712784592,0.004368726913415168,0.05928509154315603,WULF,small,stooq
2025-10-02,11.85,12.27,11.56,11.58,38274482,0.009590235396687019,0.009544541003569872,0.061312607944732214,WULF,small,stooq
2025-10-03,11.805,12.5,11.63,11.92,37026767,0.029360967184801412,0.028938189492354546,0.07298657718120799,WULF,small,stooq
2025-10-06,12.39,12.645,11.92,11.97,30065140,0.004194630872483174,0.0041858579326780315,0.060568086883876326,WULF,small,stooq
2025-10-07,12.16,12.365,11.25,12.1,30522420,0.010860484544694904,0.010801933032813458,0.09214876033057853,WULF,small,stooq
2025-10-08,12.09,12.7,11.89,12.3,27693290,0.016528925619834878,0.01639380977567657,0.06585365853658526,WULF,small,stooq
2025-10-09,12.915,13.7399,12.64,13.59,44520459,0.10487804878048768,0.09973496578468041,0.08093451066961,WULF,small,stooq
2025-10-10,14.455,15.51,13.18,13.51,70877445,-0.005886681383370118,-0.005904076190944848,0.17246484085862324,WULF,small,stooq
2025-10-13,14.35,14.35,13.33,14.0,36954749,0.03626943005181338,0.035627177643151035,0.07285714285714283,WULF,small,stooq
2025-10-14,13.85,16.19,13.31,15.46,77015249,0.10428571428571431,0.09919871354401731,0.1862871927554981,WULF,small,stooq
2025-10-15,15.98,16.18,14.97,15.47,45596822,0.0006468305304010435,0.000646621425698859,0.07821590174531344,WULF,small,stooq
2025-10-16,15.525,15.65,13.8101,13.86,39052969,-0.10407239819004532,-0.10989567082321766,0.13274891774891776,WULF,small,stooq
2025-10-17,13.26,13.98,12.73,13.93,32136380,0.005050505050504972,0.005037794029957081,0.08973438621679827,WULF,small,stooq
2025-10-20,14.45,14.7422,13.74,13.85,23362931,-0.005743000717875146,-0.005759555158366883,0.07236101083032492,WULF,small,stooq
2025-10-21,13.85,13.89,12.8775,13.14,24538033,-0.051263537906137135,-0.052624219576883,0.07705479452054802,WULF,small,stooq
2025-10-22,12.97,13.53,11.78,12.615,41497226,-0.03995433789954339,-0.040774430963443395,0.13872374157748713,WULF,small,stooq
2025-10-23,12.77,13.32,12.4,12.88,20010619,0.02100673801030517,0.020789138583186467,0.07142857142857142,WULF,small,stooq
2025-10-24,13.94,14.17,13.5,13.71,27325197,0.06444099378881996,0.062449772898015544,0.04886943836615608,WULF,small,stooq
2025-10-27,14.19,14.22,13.47,13.64,17835909,-0.0051057622173595885,-0.0051188411589069786,0.05498533724340176,WULF,small,stooq
2025-10-28,14.64,17.05,14.63,15.94,114842751,0.16862170087976525,0.15582502094675282,0.15181932245922208,WULF,small,stooq
2025-10-29,15.19,16.2299,14.37,14.5,81297684,-0.09033877038895854,-0.0946830239355402,0.12826896551724148,WULF,small,stooq
2025-10-30,14.35,15.55,14.01,14.82,69667692,0.022068965517241468,0.021828970441412198,0.10391363022941977,WULF,small,stooq
2025-10-31,15.02,15.7,14.8,15.5,48808077,0.045883940620782715,0.044862404057260094,0.058064516129032163,WULF,small,stooq
2025-11-03,16.19,16.38,14.6901,16.1,61777099,0.03870967741935494,0.03797924806521647,0.10496273291925463,WULF,small,stooq
2025-11-04,15.16,16.3699,14.82,15.01,43491658,-0.06770186335403738,-0.07010262634504685,0.10325782811459033,WULF,small,stooq
2025-11-05,15.08,15.6699,14.85,15.36,39879107,0.023317788141239193,0.02305008207415554,0.05337890625000004,WULF,small,stooq
2025-11-06,15.125,15.28,14.16,14.28,34181758,-0.0703125,-0.07290677080808779,0.07843137254901955,WULF,small,stooq
2025-11-07,13.78,14.07,13.195,13.94,42694562,-0.023809523809523836,-0.02409755157906053,0.06276901004304161,WULF,small,stooq
2025-11-10,14.5,15.2,13.92,14.3,43168116,0.02582496413199431,0.025497131933483817,0.08951048951048945,WULF,small,stooq
2025-11-11,13.87,13.89,11.875,12.37,52651296,-0.1349650349650351,-0.14498535086146522,0.16289409862570742,WULF,small,stooq
2025-11-12,12.545,13.35,12.26,12.64,50640212,0.021827000808407604,0.021592202314314995,0.08623417721518986,WULF,small,stooq
2025-11-13,12.17,12.45,11.42,11.68,43557325,-0.07594936708860767,-0.07898841131863044,0.08818493150684927,WULF,small,stooq
2025-11-14,11.23,12.075,10.955,10.99,55215325,-0.05907534246575341,-0.06089220898455099,0.10191082802547763,WULF,small,stooq
2025-11-17,10.655,11.6682,10.6,11.05,41533816,0.005459508644221955,0.005444659548231764,0.09666968325791862,WULF,small,stooq
2025-11-18,10.94,12.5,10.86,12.0,53481122,0.08597285067873295,0.08247622182423842,0.13666666666666671,WULF,small,stooq
2025-11-19,11.865,12.945,11.85,12.23,43240122,0.019166666666666776,0.018985299911080784,0.08953393295175802,WULF,small,stooq
2025-11-20,13.44,14.75,11.51,11.56,74052573,-0.054783319705641875,-0.05634108645484959,0.28027681660899656,WULF,small,stooq
2025-11-21,11.44,11.78,10.47,11.29,50142805,-0.023356401384083125,-0.023633485082660843,0.11603188662533205,WULF,small,stooq
2025-11-24,11.61,12.695,11.51,12.63,37689308,0.1186891054030117,0.11215755820082926,0.0938242280285036,WULF,small,stooq
2025-11-25,12.385,14.35,11.8522,13.94,45618219,0.10372129849564526,0.09868746896997806,0.1791822094691535,WULF,small,stooq
2025-11-26,14.47,14.97,13.805,14.84,47733769,0.06456241032998578,0.06256383240685667,0.0785040431266847,WULF,small,stooq
2025-11-28,15.13,16.13,15.12,15.51,31145332,0.04514824797843664,0.044158739449213044,0.06511927788523532,WULF,small,stooq
2025-12-01,14.855,15.76,14.802,15.3,30037313,-0.013539651837524147,-0.013632148790057644,0.06261437908496732,WULF,small,stooq
2025-12-02,15.57,15.65,14.2,14.22,32297263,-0.07058823529411762,-0.07320340402329494,0.10196905766526027,WULF,small,stooq
2025-12-03,14.165,14.495,13.43,14.43,30779831,0.014767932489451407,0.014659948410684617,0.07380457380457377,WULF,small,stooq
2025-12-04,14.15,15.22,13.88,15.1,29405139,0.04643104643104645,0.04538537103509916,0.08874172185430462,WULF,small,stooq
2025-12-05,14.945,14.96,14.18,14.5,21091071,-0.039735099337748325,-0.040546094394349905,0.05379310344827594,WULF,small,stooq
2025-12-08,14.775,15.29,14.16,14.96,24443183,0.03172413793103446,0.03123132311980244,0.0755347593582887,WULF,small,stooq
2025-12-09,14.705,15.99,14.65,15.59,33799968,0.04211229946524053,0.04124971052335386,0.08595253367543296,WULF,small,stooq
2025-12-10,15.41,16.33,15.18,15.76,30611352,0.010904425914047389,0.010845401360047838,0.07296954314720804,WULF,small,stooq
2025-12-11,15.53,15.915,14.94,15.83,23033516,0.004441624365482344,0.004431789463187823,0.06159191408717622,WULF,small,stooq
2025-12-12,16.12,16.75,14.265,14.33,44299555,-0.0947567909033481,-0.09955163205284033,0.17341242149337052,WULF,small,stooq
2025-12-15,14.06,14.08,12.3525,12.49,36699495,-0.12840195394277742,-0.13742691770259421,0.1383106485188151,WULF,small,stooq
2025-12-16,12.37,13.1,11.93,12.99,31467848,0.04003202562049646,0.03925150654502192,0.09006928406466512,WULF,small,stooq
2025-12-17,13.42,13.64,11.4529,11.57,44383412,-0.10931485758275594,-0.11576428947692294,0.18903197925669843,WULF,small,stooq
2025-12-18,12.22,12.34,11.32,11.79,31821683,0.019014693171996555,0.018836173343694366,0.08651399491094144,WULF,small,stooq
2025-12-19,12.06,12.91,12.03,12.52,42990598,0.06191687871077178,0.06007565112267285,0.0702875399361023,WULF,small,stooq
2025-12-22,12.69,13.0,12.4,12.47,18876444,-0.003993610223642086,-0.004001605980007298,0.04811547714514833,WULF,small,stooq
2025-12-23,12.37,13.0,12.21,12.42,20575885,-0.004009623095429071,-0.004017683186612418,0.06360708534621572,WULF,small,stooq
2025-12-24,12.25,12.425,11.9501,12.31,8167810,-0.008856682769726176,-0.008896136308970492,0.03857839155158407,WULF,small,stooq
2025-12-26,12.28,12.34,11.65,11.75,13397854,-0.04549147034930956,-0.04655869960619423,0.058723404255319106,WULF,small,stooq
2025-12-29,11.54,11.9799,11.345,11.42,16445754,-0.028085106382978675,-0.02848703636230376,0.05559544658493871,WULF,small,stooq
2025-12-30,11.375,11.59,11.13,11.15,17016132,-0.023642732049036774,-0.02392670632173639,0.041255605381165836,WULF,small,stooq
2025-12-31,11.81,11.89,11.32,11.49,19434945,0.030493273542600896,0.03003759395453655,0.04960835509138384,WULF,small,stooq
2026-01-02,11.705,12.74,11.55,12.74,25965998,0.10879025239338547,0.1032695582833529,0.09340659340659337,WULF,small,stooq
2026-01-05,13.01,13.7,12.92,13.62,26431634,0.06907378335949765,0.06679265057734902,0.05726872246696031,WULF,small,stooq
2026-01-06,13.57,13.73,12.48,13.18,21787319,-0.03230543318649037,-0.03283877164700506,0.09484066767830046,WULF,small,stooq
2026-01-07,12.955,13.14,12.38,12.49,16303853,-0.05235204855842179,-0.05377220493687479,0.0608486789431545,WULF,small,stooq
2026-01-08,12.47,13.28,12.1541,12.84,17284639,0.028022417934347343,0.027636974124328677,0.08768691588785045,WULF,small,stooq
2026-01-09,13.13,13.7,12.865,13.1,17656039,0.02024922118380057,0.020046931945290693,0.0637404580152671,WULF,small,stooq
2026-01-12,12.91,13.94,12.8228,13.81,26689976,0.05419847328244276,0.0527807372140949,0.0808979000724112,WULF,small,stooq
2026-01-13,14.125,14.34,13.87,14.14,27679721,0.02389572773352633,0.023614693047225847,0.03323903818953328,WULF,small,stooq
2026-01-14,14.2,14.55,13.85,14.21,22057586,0.004950495049504955,0.004938281640582577,0.049261083743842436,WULF,small,stooq
2026-01-15,14.18,14.34,13.7,13.83,20208836,-0.02674173117522871,-0.027105796432342427,0.046276211135213345,WULF,small,stooq
2026-01-16,13.85,14.21,13.561,13.85,21703980,0.001446131597975464,0.0014450869566807129,0.04685920577617335,WULF,small,stooq
2026-01-20,13.175,13.98,12.982,13.33,21570251,-0.03754512635379059,-0.038268098442730186,0.0748687171792949,WULF,small,stooq
2026-01-21,13.29,13.84,12.3101,13.12,27823583,-0.015753938484621255,-0.01587935067467442,0.11660823170731704,WULF,small,stooq
2026-01-22,13.285,13.47,12.5,12.89,17485506,-0.01753048780487798,-0.017685966564846896,0.07525213343677274,WULF,small,stooq
2026-01-23,12.85,14.18,12.265,14.12,29596167,0.09542280837858796,0.09114041511399992,0.1356232294617563,WULF,small,stooq
2026-01-26,14.03,14.225,13.09,13.79,25931028,-0.02337110481586402,-0.02364854025988557,0.0823060188542422,WULF,small,stooq
2026-01-27,13.79,15.42,13.735,15.31,38249553,0.11022480058013073,0.10456251786438213,0.11005878510777273,WULF,small,stooq
2026-01-28,15.35,15.37,14.34,15.11,28939219,-0.013063357282821708,-0.013149433384944209,0.06816677696889473,WULF,small,stooq
2026-01-29,14.9,14.91,13.49,14.54,30243029,-0.03772336201191262,-0.03845330417927487,0.09766162310866575,WULF,small,stooq
2026-01-30,14.295,14.34,12.98,13.37,31973607,-0.08046767537826682,-0.08389008099152147,0.10172026925953624,WULF,small,stooq
2026-02-02,13.0,14.08,12.955,13.44,26077713,0.005235602094240788,0.005221943981151625,0.08370535714285715,WULF,small,stooq
2026-02-03,15.07,15.6,13.65,14.8,63676750,0.10119047619047628,0.09639184567506597,0.13175675675675672,WULF,small,stooq
2026-02-04,14.3,14.42,12.39,13.88,51285748,-0.06216216216216219,-0.06417822569141098,0.14625360230547546,WULF,small,stooq
2026-02-05,13.31,13.96,11.735,11.92,44177029,-0.1412103746397695,-0.15223129344145478,0.18666107382550348,WULF,small,stooq
2026-02-06,12.725,14.455,12.565,14.29,46525726,0.1988255033557047,0.18134233030457234,0.132260321903429,WULF,small,stooq
2026-02-09,15.105,16.83,14.93,16.65,65639084,0.16515045486354096,0.1528502244846768,0.11411411411411404,WULF,small,stooq
2026-02-10,16.21,17.695,16.02,16.63,59262750,-0.001201201201201152,-0.0012019232216164766,0.10072158749248351,WULF,small,stooq
2026-02-11,16.925,17.0599,15.3601,16.03,39560919,-0.0360793746241731,-0.036746326583374636,0.1060386774797255,WULF,small,stooq
2026-02-12,16.22,16.9699,15.72,15.91,39190105,-0.007485963817841612,-0.007514124271766151,0.07856065367693264,WULF,small,stooq
2026-02-13,16.425,17.585,15.2,16.26,43021841,0.021998742928975634,0.021760261769969178,0.146678966789668,WULF,small,stooq
2026-02-17,15.78,16.66,15.07,16.18,28919890,-0.00492004920049216,-0.0049321924893190585,0.09826946847960444,WULF,small,stooq
2026-02-18,16.0,16.455,15.19,15.38,28263548,-0.04944375772558707,-0.05070794755284763,0.08224967490247066,WULF,small,stooq
2026-02-19,15.0,15.52,14.43,15.47,23465873,0.0058517555266579535,0.005834700507476794,0.07045895281189397,WULF,small,stooq
2026-02-20,15.33,15.79,14.625,15.01,27157246,-0.029734970911441505,-0.030186018939604174,0.07761492338441034,WULF,small,stooq
2026-02-23,14.44,15.695,14.31,15.68,25296803,0.04463690872751491,0.04366936927689113,0.08832908163265304,WULF,small,stooq
2026-02-24,15.39,18.03,15.33,17.56,46405142,0.1198979591836733,0.11323757328470865,0.15375854214123014,WULF,small,stooq
2026-02-25,18.295,18.51,17.635,17.92,39951805,0.0205011389521641,0.0202938193398139,0.04882812499999999,WULF,small,stooq
2026-02-26,18.13,18.3299,17.25,17.88,25678126,-0.0022321428571430157,-0.002234637801416488,0.060397091722595,WULF,small,stooq
2026-02-27,17.15,17.84,15.685,16.245,33966150,-0.09144295302013417,-0.09589760062430439,0.13265620190827943,WULF,small,stooq
2026-03-02,15.55,16.8,15.53,16.02,26229006,-0.013850415512465464,-0.013947227480850553,0.07927590511860183,WULF,small,stooq
2026-03-03,14.42,15.35,14.33,14.74,33732436,-0.07990012484394504,-0.08327305487902259,0.06919945725915873,WULF,small,stooq
